{
    "Ellipse fit error": 1.4622190764886136,
    "OCR numbers mean lack of confidence": 0.0006268123785653223,
    "Needle line residual variance": 43.000147506460834,
    "Mean residual on fitted angle line": 11.861612562460943
}