{
    "Ellipse fit error": 15.515942004981207,
    "OCR numbers mean lack of confidence": 0.0010476981600126,
    "Needle line residual variance": 52.34272381493476,
    "Mean residual on fitted angle line": 664.4577850056071
}