{
    "Ellipse fit error": 9.149381677656676,
    "OCR numbers mean lack of confidence": 0.0036156185799174345,
    "Needle line residual variance": 22.334659390210536,
    "Mean residual on fitted angle line": 1000.2751145324313
}