{
    "Ellipse fit error": 0.37398136660074977,
    "OCR numbers mean lack of confidence": 0.00019782781600952148,
    "Needle line residual variance": 90.59167821067508,
    "Mean residual on fitted angle line": 26.852039818777115
}