{
    "Ellipse fit error": 0.811818638558169,
    "OCR numbers mean lack of confidence": 0.009453915059566498,
    "Needle line residual variance": 55.216709862522414,
    "Mean residual on fitted angle line": 13.408525998962265
}