{
    "Ellipse fit error": 2.6336351407742453e-11,
    "OCR numbers mean lack of confidence": 0.03146569679180777,
    "Needle line residual variance": 23.746262537201194,
    "No OCR reading with a number": true
}