{
    "Ellipse fit error": 5.209719895386848,
    "OCR numbers mean lack of confidence": 0.06848010586367703,
    "Needle line residual variance": 166.77164966244825,
    "Mean residual on fitted angle line": 567.0575317918597
}