{
    "Ellipse fit error": 0.8292623255631661,
    "OCR numbers mean lack of confidence": 0.001323085029919846,
    "Needle line residual variance": 1145.1710999511806,
    "Mean residual on fitted angle line": 51.62229439292504
}